Stationcode,Locations,Lat,Lon,Capitalcity,State,Temperature,D.O,pH,Conductivity,B.O.D,Nitrate,Fecalcaliform,Totalcaliform,class
1290,PARVATI BEFORE CONF. TO RIVER BEAS,31.940009,75.247906,Shimla,HIMACHAL PRADESH,10.0,9.0,8.0,84,0.2,0.30,125,909.0,yes
2466,"DAMANGANGA AT VILLAGE NAMDHA, VAPI",20.411442,72.833454,Silvassa,"DAMAN, DIU, DADRA NAGAR HAVELI",27.0,4.2,8.2,2754,42.0,,,,no
2849,"CHANAM PUKHURI, IMPHAL WEST",24.7742245,93.9337378,Imphal,MANIPUR,24.5,5.6,8.3,204,2.6,,,263.0,no
2368,"GODAVARI AT BHADRACHALAM D/S BATHING GHAT, KHAMMAM",17.2472528,80.1514446,Hyderabad,ANDHRA PRADESH,20.0,5.7,7.6,344,0.7,0.27,5,1308.0,yes
1566,KADALUNDY AT THIRURANGADY,11.035365,75.92724,Thiruvananthapuram,KERALA,28.4,6.0,7.7,94,1.1,0.13,183,370.0,yes
1850,KELO RIVER D/S OF RAIGARH,21.8974003,83.3949632,Raipur,CHHATTISGARH,27.3,7.2,7.6,278,2.1,1.26,,276.0,yes
2018,"VILLAGE VINAYAKIA, JODHPUR (HUKUM SINGH RATHORE)",26.238947,73.024309,Jaipur,RAJASTHAN,24.0,7.7,7.7,4500,1.4,4,110,1.29,yes
1709,"WELL AT VILLAGE SANTHLA VERY NEAR BHIWADI INDUSTRIAL AREA, BHIWADI",28.208822,76.8446,Jaipur,RAJASTHAN,30.5,7.6,7.6,2900,2.41,4,6,0.65,yes
1889,KRISHNA - ANKALI BRIDGE ALONG CHIKKODI KAGWAD ROAD,16.368874,74.76932,Bengaluru,KARNATAKA,26.0,7.3,8.1,595,1.5,7.45,671,1303.0,no
2714,VASHISTI AT U/S OF POPHALI NR KONPHANSAWANE BRIDGE,19.518231,72.850182,Mumbai,MAHARASHTRA,25.3,6.9,7.7,205,2.2,0.93,2,55.0,yes
1240,NARMADA AT NARSINGHPUR ,22.946557,79.194353,Bhopal,MADHYA PRADESH,24.0,8.0,7.6,593,1.4,1.30,,38.0,yes
2409,CUTTACK FDS (SERUA) AT SANKHATRASA,20.462521,85.882989,Bhubaneswar,ORISSA,27.3,7.5,8.0,210,2.2,0.48,2846,5018.0,yes
2026,"NEAR FOJI NAGAR, KACCHI BASTI, AMBABARI, JAIPUR",26.944481,75.779299,Jaipur,RAJASTHAN,28.5,7.6,7.6,905,2.85,3,8,0.27,yes
1692,D/S HUSSANIWALA-H/W FEROZEPUR,30.968965,74.574748,Chandigarh, PUNJAB,23.0,7.0,7.0,283,2.0,3.00,105,600.0,yes
1930,DZU D/S KOHIMA TOWN,25.6585963,94.1053306,Kohima,NAGALAND,20.5,4.5,8.0,420,0.9,,,,no
1575,KOCHI (OIL TANKER JETTY),9.9312328,76.267304,Thiruvananthapuram,KERALA,29.0,5.1,7.5,25948,2.4,0.41,1150,3575.0,yes
2296,R THALLASSERY AT PATHIPPALAM,11.786442,75.572791,Thiruvananthapuram,KERALA,25.9,6.5,6.8,58,0.5,0.24,303,1026.0,yes
1222,SHEDHI AT KHEDA,22.9250506,72.9932969,Gandhinagar,GUJARAT,28.0,7.7,8.4,2945,17.5,0.27,7,30.0,no
1245,NARMADA AT CHANDOD,21.9857935,73.45558749,Gandhinagar,GUJARAT,26.4,7.6,7.9,274,2.3,0.18,5,16.0,yes
2725,A/C R.SONG NR SATYANARAYAN TEMPLE D/S RAIWALA,30.031773,78.209476,Dehradun,UTTARAKHAND,21.9,7.8,7.7,305,4.5,0.08,800,4467.0,yes
1074,"GANGA AT BUXAR,BIHAR",26.8725184,80.9834952,Patna,BIHAR,24.4,8.4,8.2,345,2.8,1.71,3122,6867.0,no
2475,"INDL AREA, SULTANPUR ROAD",23.519544,90.989936,Lucknow,UTTAR PRADESH,23.0,8.1,8.1,780,0.37,,,1.17,no
2613,RAVI AT D/S OF CHAMBA TOWN,32.553363,76.125808,Shimla,HIMACHAL PRADESH,11.0,10.0,8.0,190,0.5,0.60,9,169.0,yes
2653,"BHATSA RIVER AT D/S OF LIBERTY OIL MILLS, SATNEL, SHAHAPUR, THANE",19.453808,73.354313,Mumbai,MAHARASHTRA,27.4,7.0,8.0,129,3.5,0.49,40,105.0,yes
2067,BRAHMPUTRA AT SUALKUCHI,26.1703301,91.570327,Dispur,ASSAM,26.0,7.8,7.3,169,1.1,0.16,600,1837.0,yes
2650,KHAZIAR LAKE,32.5461852,76.0584094,Shimla,HIMACHAL PRADESH,16.4,7.5,6.7,50,8.1,0.69,9,118.0,yes
2589,MADHEPURA,25.908654,86.782973,Patna,BIHAR,27.0,7.7,7.7,940,,,17,0.8,yes
2312,VEMBANADU AT PATHIRAMANAL (ALAPPUZHA),9.6188401,76.385285,Thiruvananthapuram,KERALA,26.6,6.8,6.8,740,1.6,0.20,193,381.0,yes
2822,"BORE WELL NEAR  CHINCHOLI. VILLAGE- CHINCHOLI, TALUKA- MOHOL, DISTRICT- SOLAPUR.",17.8169,75.6309,Mumbai,MAHARASHTRA ,25.0,7.5,7.5,1175,0.4,11,350,1.8,yes
2289,R KARUVANNURR AT KARUVANNUR BRIDGE,10.403773,76.21611,Thiruvananthapuram,KERALA,27.9,6.4,6.5,58,1.3,0.34,255,960.0,no
1832,BEGUSARAI,25.416675,86.129379,Patna,BIHAR,25.5,7.8,7.8,952,,,18,0.4,yes
1571,KARINGODE AT KAKKADAVU,12.265848,75.282033,Thiruvananthapuram,KERALA,28.0,7.2,7.3,54,0.9,0.25,330,610.0,yes
1528,BHARALU AT GUWAHATI,26.1445169,91.7362365,Dispur,ASSAM,27.3,0.0,7.1,739,41.5,0.27,970,8467.0,yes
1358,HINDON AT GHAZIABAD D/S,28.9844618,77.7064136,Lucknow,UTTAR PRADESH,19.8,1.5,7.2,568,16.4,0.65,119364,174545.0,yes
1207,KABBANI AT MUTHANKARA,11.982072,76.377185,Thiruvananthapuram,KERALA,24.6,6.7,7.0,76,0.7,0.32,283,435.0,yes
1152,"KUNDALIKA AT ROHA CITY, MAHARASHTRA",19.410646,73.28532,Mumbai,MAHARASHTRA,28.4,7.0,7.7,107,3.8,0.40,131,285.0,yes
1708,"WELL KOTHI IN VILLAGE BAGAR RAJPUT, ALWAR",27.513952,76.685767,Jaipur,RAJASTHAN,29.0,7.6,7.6,2295,0.57,4,9,0.89,yes
1570,R NEELASWARAM AT HOSDURG,12.30593,75.094695,Thiruvananthapuram,KERALA,29.3,6.2,7.2,15362,0.8,0.39,830,1303.0,yes
1629,SENDRA (LOKTAK LAKE),24.5151871,93.7950038,Imphal,MANIPUR,22.0,4.9,7.3,342,1.6,,,70.0,yes
1105,HASDEO AT U/S KORBA,22.3594501,82.7500595,Raipur,CHHATTISGARH,26.3,6.4,7.1,,1.4,1.31,,122.0,yes
2599,WELL-2 ROHTAS,25.1963,83.853929,Patna,BIHAR,23.0,7.5,7.5,924,,,8,0.8,yes
1214,WAINGANGA AT CHINDWARA,22.057437,78.938172,Bhopal,MADHYA PRADESH,22.5,7.8,7.5,495,1.9,0.99,,100.0,yes
2470,"AT INDUSTRIAL AREA, FATEHPUR",25.849981,80.89865,Lucknow,UTTAR PRADESH,27.0,7.2,7.2,1330,6.33,,,0.42,yes
2372,"KINNERASANI A/C OF KTPS ASH POND EFFLUENTS, KHAMMAM",17.2472528,80.1514446,Hyderabad,ANDHRA PRADESH,20.0,5.9,7.7,431,0.6,0.33,5,1250.0,yes
1613,"KOLAR DAM WATER SUPPLY INTAKE WELL, DISTT. SEHORE",23.205012,77.085078,Bhopal,MADHYA PRADESH,37.0,8.1,7.7,375,1.9,0.46,7,65.0,yes
1838,MUNGER,25.374756,86.473525,Patna,BIHAR,24.0,7.7,7.7,637,,,12,0.9,yes
2202,"DUG WELL AT GHANE KUNT, NEAR AWASTHI, OWNED BY SHRI RAJENDRA AMRE",18.753949,74.247278,Mumbai,MAHARASHTRA ,25.5,7.9,7.9,486,13.26,3,85,,yes
1893,YAGACHI NEAR PUMPING STATION. HASSAN CITY,12.9682208,80.1445225,Bengaluru,KARNATAKA,25.0,7.3,7.8,345,1.3,0.12,798,1600.0,yes
1017,"SATLUJ AT 100M U/S OF HEADWORKS, NANGAL",31.381038,76.381092,Chandigarh, PUNJAB,20.0,8.0,8.0,272,2.7,1.90,305,703.0,yes
1106,HASDEO AT U/S OF CHAMPA,21.5601714,81.8743365,Raipur,CHHATTISGARH,28.9,6.9,7.9,236,1.6,1.73,,16.0,yes
2528,GROUND WATER POINT INSIDE BURDWAN UNIVERSITY,23.2392,87.8513,Kolkata,WEST BENGAL,27.3,6.6,6.6,523,0.89,,8,0.3,yes
2060,"MANAS AT NH-31 CROSSING, BARPETA, DISTRICT",26.3215985,90.9820667,Dispur,ASSAM,25.3,6.9,7.2,293,2.2,0.13,90,530.0,yes
2104,MALEI AT JAORA,23.6375958,75.125964,Bhopal,MADHYA PRADESH,26.8,7.2,7.6,364,0.9,1.48,,,yes
1157,MANJERA AT RAIPALLU,17.6387282,78.1486044,Hyderabad,ANDHRA PRADESH,26.8,5.3,8.1,393,2.2,0.92,15,148.0,no
2163,PANCHAGANGA RIVER AT SHIROL NEAR SHIROL INTAKE WELL.,,,Mumbai,MAHARASHTRA,25.0,6.5,7.9,419,2.7,1.63,6,158.0,yes
1354,SARYU AT AYODHYA AT MAIN BATHING GHAT,26.7879633,82.1985518,Lucknow,UTTAR PRADESH,18.5,9.1,7.7,226,2.6,0.62,4091,6509.0,yes
2063,"JAI BHARALI NEAR BISWANATH CHARALI, SONITPUR",26.6738851,92.8577104,Dispur,ASSAM,24.0,8.9,7.3,94,1.3,0.10,120,767.0,yes
1171,"CAUVERY AT SRI RANGAPATTANNA,D/S OF ROAD BDG.",12.421556,76.693127,Bangalore,KARNATAKA,26.4,6.1,8.1,280,1.6,0.38,1600,1600.0,no
1634,"POLICE BAZAR, SHILLONG, MEGHALAYA",,,Shillong,MEGHALAYA,18.0,6.0,6.0,195,5.0,51,72,0.1,no
2397,SUBARNAREKHA AT GATALSUD DAM,23.456667,85.555278,Ranchi,JHARKHAND,23.5,7.8,7.3,,3.3,,110,750.0,yes
1304,JHELAM AT ANANTNAG D/S,33.731125,75.148701,Jammu,JAMMU & KASHMIR,13.0,8.0,8.0,240,2.0,1.00,,,yes
1928,"DHANSIRI AT NAGALAND-ASSAM BORDER, DIMAPUR",25.8629885,93.7536662,Kohima,NAGALAND,24.0,3.0,7.5,295,1.6,,,,yes
2956,"KALI SINDH AT BAROD RD BDG, KOTA",22.3189132,73.2135032,Jaipur,RAJASTHAN,26.2,5.5,8.2,535,1.7,0.57,4,13.0,no
1311,PANCHAGANGA AT ICHALKARANJI,16.709001,74.456081,Mumbai,MAHARASHTRA,26.4,6.4,7.5,298,2.6,1.27,4,120.0,yes
1348,WARD LAKE AT SHILONG EAST,25.5787726,91.8932535,Shillong,MEGHALAYA,19.0,6.9,7.2,239,7.3,0.98,2692,3525.0,yes
2105,CHILLAR AT SHAJAPUR,23.4272938,76.2729838,Bhopal,MADHYA PRADESH,27.4,7.1,7.5,426,2.1,0.99,,,yes
1489,ALKANANDA A/C WITH BHAGIRATHI AT DEVPRAYAG,30.145947,78.599293,Dehradun,UTTARAKHAND,18.4,8.7,8.1,132,0.7,0.08,27650,67000.0,no
1324,CAUVERY AT MOHANUR NEAR PATTAIPALAYAM,11.0598753,78.1421904,Chennai,TAMILNADU,25.8,6.8,7.8,500,1.3,0.16,177,368.0,yes
1370,KSHIPRA AT TRIVENISANGAM ,22.9678988,75.9175657,Bhopal,MADHYA PRADESH,27.7,6.9,7.6,913,9.0,3.01,,,yes
2031,"NEAR 9 NO. PETROL PUMP, NEAR ADARSH NAGAR GATE, AJMER",26.458264,74.6362,Jaipur,RAJASTHAN,23.0,7.5,7.5,1225,1.12,4,27,1.16,yes
1767,"DURGAPUR TOWN,NEAR IISCO, BURDWAN, WEST BENGAL",23.232421,87.861479,Kolkata,WEST BENGAL,31.25,7.5,7.5,957,0.29,,,0.4,yes
1078,"GANDAK AT SONEPUR, PATNA (BEFORE CONFL.)",25.6983676,85.1660825,Patna,BIHAR,21.7,8.5,7.8,262,2.6,1.38,989,1844.0,yes
48,SUBARNAREKHA AT CHANDIL BDG,22.9720145,86.0079806,Ranchi,JHARKHAND,26.7,7.9,7.6,166,0.6,4.80,,,yes
2609,NEUGAL AT D/S THURAL,31.924439,76.458478,Shimla,HIMACHAL PRADESH,21.0,8.0,8.0,129,0.4,0.60,6,113.0,yes
2967,"SH. POL SINGH PUROHIT, VILLAGE PUNAYATA, PALI",25.7698722,73.3104419,Jaipur,RAJASTHAN,26.0,8.1,8.1,8850,0.45,8,21,1.21,no
2088,BORE WELL OF SACHIN GIDC.,21.093078,72.857456,Gandhinagar,GUJARAT,29.0,8.0,8.0,11213,0.22,3,3,0.11,yes
1998,"BHAHMNI, KALMESHWAR, NAGPUR",21.233473,78.911851,Mumbai,MAHARASHTRA ,23.0,8.3,8.3,1202,2.24,20,55,0.99,no
2176,"WAINGANGA D/S OF GAURAV PAPER MILLS, NEAR JACKWELL.",21.2440606,81.6504253,Mumbai,MAHARASHTRA,18.3,5.4,7.9,622,6.7,1.47,99,248.0,yes
1022,"SATLUJ AT BRIDGE HARIKE, AMRITSAR",31.633979,74.872264,Chandigarh, PUNJAB,18.0,5.0,7.0,494,3.0,2.70,403,950.0,yes
1959,NADIAD,22.691585,72.863363,Gandhinagar,GUJARAT,28.0,8.4,8.4,1693,1.36,4,20,0.44,no
2777,"KAGINA AT SHAHABAD BRIDGE, KARNATAKA",17.118387,76.97759,Bengaluru,KARNATAKA,26.8,6.6,8.1,681,2.3,1.50,2100,4600.0,no
2763,"ASANGI NALLA AT ASANGI VILLAGE, KARNATAKA",16.497706,75.137025,Bengaluru,KARNATAKA,29.0,5.3,8.0,779,1.2,6.92,322,564.0,no
2630,HAND PUMP AT HAMIRPUR TOWN,,,Shimla,HIMACHAL PRADESH,15.0,7.0,7.0,654,1.67,5,20,0.48,yes
1844,CHAPRA,25.779565,84.749889,Patna,BIHAR,23.5,8.2,8.2,449,,,13,0.8,no
2272,"RIVER KUSHAWATI NEAR BUND AT KEVONA,RIVON,SANGUEM",15.243091,74.141403,Panaji,GOA,25.7,7.3,6.2,113,1.2,0.33,9,137.0,no
2598,WELL-1 ROHTAS,25.1963,83.853929,Patna,BIHAR,23.0,8.0,8.0,409,,,7,0.6,yes
2271,"RIVER SAL PAZORKHONI, CUNCOLIM (NEAR CULVERT MARGAO- CANACONA NATIONAL HIGHWAY)",15.196983,73.970147,Panaji,GOA,27.0,6.1,6.5,201,2.0,0.43,9,149.0,yes
1860,BALEHWAR KHADI AT N.H. NO. 8,20.966734,72.963288,Gandhinagar,GUJARAT,28.0,6.7,8.0,304,1.5,0.18,1500,3550.0,no
1933,"NEAR GALVANISATION UNIT, HOWRAH",22.595769,88.263639,Kolkata,WEST BENGAL,26.5,7.4,7.4,1380,0.11,,,0.48,yes
2637,HAND PUMP AT JWALAJI TEMPLE,,,Shimla,HIMACHAL PRADESH,22.5,7.9,7.9,742,1.04,7,17,0.06,yes
2953,"KALI SINDH AT ANICUT OF M/S CFCL GADEPAN, KOTA",24.6216104,76.1915487,Jaipur,RAJASTHAN,25.5,5.4,7.9,421,1.3,0.67,5,14.0,yes
1856,SHANKNI A/C DANKANI RIVER ,18.8456296,81.3839325,Raipur,CHHATTISGARH,25.8,7.7,7.7,,1.2,,,10.0,yes
1816,GANGA AT KAHALGAON,25.2627223,87.2366237,Patna,BIHAR,25.0,7.9,8.0,344,2.8,1.71,5611,11422.0,yes
1615,PARVATI NEAR INTAKE POINT PILLUKHEDI DISTT. RAJGARH,23.5024937,77.134135,Bhopal,MADHYA PRADESH,27.8,7.7,7.6,618,2.6,,,,yes
1655,"NEAR SEA BEACH, PURI, ORISSA",19.813382,85.831465,Bhubaneswar,ORISSA ,28.0,7.6,7.6,1246,6.75,3,5,0.12,yes
2367,"GODAVARI AT BHADRACHALAM U/S BATHING GHAT, KHAMMAM",17.2472528,80.1514446,Hyderabad,ANDHRA PRADESH,20.0,5.5,7.7,331,0.6,0.26,4,1200.0,yes
1721,"PHED WELL NEAR RAILWAY LINE JHOTAWARA, JAIPUR",26.956432,75.741253,Jaipur,RAJASTHAN,30.5,8.0,8.0,690,1.04,4,8,0.6,yes
2323,BRAHMAPURAM M.S.W. DUMPARK (ERNAKULAM),9.981636,76.299884,Thiruvananthapuram,KERALA,26.5,6.6,6.6,243,7.55,285,1155,0.12,yes
2522,SINCHAL LAKE FOR DARJEELING,26.993203,88.265736,Kolkata,WEST BENGAL,12.1,9.0,7.1,,3.0,0.17,8227,19055.0,yes
2680,"MUTHA AT KHADAKVASLA DAM, KHADAKVASLA, HAWELI, PUNE.",18.442294,73.767091,Mumbai,MAHARASHTRA,26.0,6.1,7.7,152,2.3,0.23,37,341.0,yes
2531,U/S OF TARAPITH ON RIVER DWARKA AT SADHAK BAMDEB GHAT,23.164543,87.062426,Kolkata,WEST BENGAL,27.7,5.7,7.5,465,5.3,1.35,80400,241400.0,yes
2679,"MUTHA AT DECCAN BRIDGE, DECCAN, PUNE",18.515704,73.842121,Mumbai,MAHARASHTRA,26.2,2.0,7.9,915,16.6,0.69,345,1800.0,yes
3029,"TAMBIRAPARANI AT SIVALAPERI, CONFLUENCE POINT OF KUTTRALAM FALLS, D/S OF PALAYAMKOTTAI, TIRUNELVELI, TAMILNADU",8.933913,77.27804,Chennai,TAMIL NADU,27.0,6.3,7.6,200,2.0,1.42,143,298.0,yes
2291,R KEECHERI AT VADAKKANCHERY BRIDGE,10.600661,76.489711,Thiruvananthapuram,KERALA,28.6,5.4,6.6,80,1.6,0.27,335,775.0,yes
2586,KATIHAR,25.547934,87.565149,Patna,BIHAR,28.0,7.5,7.5,672,,,17,0.9,yes
3028,"TAMBIRAPARANI AT VELLAKOIL, TIRUNELVELI, TAMILNADU",10.9459614,77.7125767,Chennai,TAMIL NADU,26.8,6.2,7.6,170,1.8,0.23,133,277.0,yes
2525,"MAHANANDA D/S, RAMGHAT",26.7271012,88.3952861,Kolkata,WEST BENGAL,22.3,8.1,7.3,88,2.0,0.27,162818,585000.0,yes
2278,WELL AT SANCOALE INDL..ESTATE,15.383933,73.873515,Panaji,GOA,29.5,6.3,6.3,202,0.06,,80,,no
1303,BRAHMANI AT TALCHER U/S,20.9501027,85.216816,Bhubaneswar,ORISSA,25.8,7.6,7.9,140,1.7,0.54,1250,2267.0,yes
2377,"NORTH KOEL D/S BCCL, REHLA",23.349473,85.335655,Ranchi,JHARKHAND,24.0,7.7,6.9,,1.8,,255,1500.0,yes
2770,"TUNGABHADRA AT HARIHAR WATER SUPPLY INTAKE, KARNATAKA",14.519589,75.800586,Bengaluru,KARNATAKA,26.2,6.7,7.5,360,2.9,1.64,60,265.0,yes
2697,"PENGANGA NEAR WATER SUPPLY SCHEME OF UMARKHED MC BELKHED, UMARKHED, YAVATMAL",19.5975885,77.6916128,Mumbai,MAHARASHTRA,20.0,5.7,7.9,760,5.6,1.78,34,96.0,yes
2438,ANSHUPA,20.4587452,85.6036498,Bhubaneswar,ORISSA,26.3,8.1,7.8,167,2.2,0.49,1039,2123.0,yes
2977,"WELL OF RAM CHANDRA DEWRA, VILLAGE- SANGARIA, JODHPUR ",26.1981113,73.0047082,Jaipur,RAJASTHAN,24.1,7.7,7.7,18300,0.38,4,11,2.12,yes
1754,"HAPUR ROAD INDUSTRIAL AREA  GHAZIABAD, U.P",28.669156,77.453758,Lucknow,UTTAR PRADESH,21.4,7.4,7.4,544,1.29,,,0.64,yes
1846,KHAROON RIVER A/C KHAPRI DRAIN,21.2513844,81.6296413,Raipur,CHHATTISGARH,23.8,7.5,7.5,336,1.9,0.60,,995.0,yes
2779,ARKAVATHI AT HESARAGHATTA RESERVOIR,13.15,77.49,Bengaluru,KARNATAKA,25.5,9.9,9.6,545,2.5,5.76,9,18.0,no
2612,BASPA AT U/S RESERVOIR BASPA PROJECT,31.487079,78.180887,Shimla,HIMACHAL PRADESH,5.0,8.0,8.0,136,0.3,0.10,25,174.0,yes
1891,MANJIRA AT D/S IN INTAKE POINT TO BIDAR CITY,17.6387282,78.1486044,Bengaluru,KARNATAKA,27.3,7.9,7.9,,2.1,0.66,489,1396.0,yes
2960,"WELL INFRONT OF SINGHANA POLICE STATION, SINGHANA, JHUNJHUNU",28.072384,75.82289,Jaipur,RAJASTHAN,30.4,7.4,7.4,3850,0.28,4,14,1.28,yes
2646,HAND PUMP AT KALA AMB,,,Shimla,HIMACHAL PRADESH,26.0,7.0,7.0,1409,1.79,6,11,0.035,yes
2392,BARAKAR AT MAITHAN DAM,23.850278,86.777778,Kolkata,WEST BENGAL,34.3,7.5,7.5,,1.3,,,,yes
1577,KODUNGALLOOR,10.2244299,76.1977736,Thiruvananthapuram,KERALA,28.0,6.3,7.3,18554,1.8,0.32,1248,1950.0,yes
2158,GODAVARI AT U/S OF PAITHAN AT PAITHAN INTAKE PUMP HOUSE AT JAYAKWADI .,19.4779213,75.3656298,Mumbai,MAHARASHTRA,27.3,6.8,8.1,537,4.4,1.23,3,84.0,no
2559,RAM REKHA RIVER AT HARINAGAR,26.3991195,87.2568579,Patna,BIHAR,24.0,5.8,7.9,468,6.9,1.38,4600,11333.0,yes
1776,"GARIA CALCUTTA, WEST BENGAL",22.462946,88.396754,Kolkata,WEST BENGAL,31.0,8.2,8.2,1174,0.04,4,9,0.61,no
2297,R ANCHARAKANDY AT MERUVAMBA,9.32341,76.451728,Thiruvananthapuram,KERALA,26.6,6.9,7.1,52,0.8,0.18,46,520.0,yes
1961,GODHARA,22.778804,73.61428,Gandhinagar,GUJARAT,29.5,8.0,8.0,546,0.24,7,17,0.38,yes
1869,SWAN AT D/S NANGAL DISTT. UNA,31.886598,76.018882,Shimla,HIMACHAL PRADESH,24.0,8.0,8.0,443,1.2,1.00,14,116.0,yes
1352,GOMTI AT LUCKNOW D/S,26.8466937,80.9461659,Lucknow,UTTAR PRADESH,27.8,3.6,7.4,427,7.5,3.74,70800,103367.0,yes
1592,"PAYYANNUR, KANNUR DISTT. ",12.105069,75.205834,Thiruvananthapuram,KERALA,27.0,6.8,6.8,218,5.85,2,26,,yes
1867,"SATLUJ B/C WITH RIVER SPITI AT KHAB, DISTT.KINNAUR",31.650958,78.475195,Shimla,HIMACHAL PRADESH,6.0,8.0,8.0,288,0.3,0.10,63,493.0,yes
1079,AT PATNA D/S (GANGA BRIDGE),25.5940947,25.5940947,Patna,BIHAR,24.4,8.4,8.2,350,2.9,1.71,5667,18778.0,no
1281,MAHANADI AT HIRAKUD RESERVOIR,21.5305898,83.8704949,Bhubaneswar,ORISSA,27.2,7.6,7.9,189,1.4,0.92,1015,1937.0,yes
1429,"RENUKA LAKE , 35 KM FROM PATNA SAHIB NORTH ",30.6101649,77.4583652,Shimla,HIMACHAL PRADESH,23.0,7.6,7.8,514,1.6,0.46,14,26.0,yes
1201,BHAVANI AT PATHIRAKALIAMMAN KOIL,9.74436199999999,77.290796,Chennai,TAMILNADU,26.2,8.1,8.1,276,0.8,0.29,107,220.0,no
2974,"VILLAGE AGYARA, TEHSIL- RAMGARH, ALWAR",27.5682014,76.6057707,Jaipur,RAJASTHAN,29.0,7.6,7.6,860,0.32,4,5,1.13,yes
2469,"AT INDUSTRIAL AREA. NAINI, ALLAHABAD",25.379194,81.877067,Lucknow,UTTAR PRADESH,26.75,6.8,6.8,1207,0.0,,,0.36,yes
1189,BHIMA AT PUNE U/S VITHALWADI,,,Mumbai,MAHARASHTRA,27.0,3.4,7.7,358,9.8,0.73,225,1550.0,yes
1827,PATNA,25.594095,85.137565,Patna,BIHAR,22.0,7.2,7.2,607,,,2,0.8,yes
1396,OSTERI LAKE,11.9577385,79.7455956,Pondicherry,PONDICHERRY,29.5,30.4,8.0,231,1.5,0.10,7,170.0,no
1589,"MALAPURAM , KERALA",11.073182,76.074,Thiruvananthapuram,KERALA,28.5,6.1,6.1,290,2.65,254,365,,no
1258,JHANJI AT N.H. CROSSING JORHAT,26.7465203,94.2025859,Dispur,ASSAM,23.5,6.4,7.1,106,2.3,0.15,,400.0,yes
1896,CONFLUENCE POINT OF TUNGA AND BHADRA AT KUDLI,14.004254,75.673909,Bengaluru,KARNATAKA,27.3,7.2,7.5,255,2.2,1.23,48,218.0,yes
2015,"PABUPURA ROAD NEAR CIVIL AIR PORT, JODHPUR (MANGILAL RATHOR)",26.238947,73.024309,Jaipur,RAJASTHAN,23.5,7.7,7.7,2950,0.31,4,11,1.46,yes
1330,"TAMBIRAPARANI AT ARUMUGANERI, TAMILNADU",8.5681265,78.093717,Chennai,TAMIL NADU,29.0,6.9,7.6,787,3.2,0.14,82,178.0,yes
2319,R ANCHARAKANDY AT MERUVAMBA,9.32341,76.451728,Thiruvananthapuram,KERALA,26.8,7.2,7.0,830,0.8,0.16,94,654.0,yes
1062,GANGA AT GARHMUKTESHWAR,28.789221,78.082308,Lucknow,UTTAR PRADESH,19.6,8.2,7.4,221,3.4,0.50,1162,2497.0,yes
22,"WELL AT CHUNGAPALLY, KERALA",10.06975,76.30293,Thiruvananthapuram,KERALA,25.0,6.6,6.6,105,1.02,2,22,0.18,yes
1083,BAITARNI AT JAJPUR ,20.7652197,86.1751759,Bhubaneswar,ORISSA,26.8,8.0,8.0,183,2.0,0.85,5725,11871.0,no
2945,"CHHAPI, U/S CHHAPI DAM",24.3151711,76.4635387,Jaipur,RAJASTHAN,27.0,5.5,8.2,461,1.4,0.51,3,26.0,no
2275,"RIVER CHAPORA NEAR ALORNA FORT ,PERNEM",15.700179,73.905388,Panaji,GOA,26.0,6.8,6.2,226,1.6,0.18,9,151.0,no
1094,ULHAS AT U/S OF BADLAPUR,19.162412,73.256884,Mumbai,MAHARASHTRA,25.9,7.0,7.8,123,3.4,0.44,42,100.0,yes
2712,"VAITARNA NEAR ROAD BRIDGE, GANDHARE VILLAGE, WADA, THANE",19.518231,72.850182,Mumbai,MAHARASHTRA,26.9,6.8,8.2,313,4.0,0.49,49,99.0,no
2936,"JAISAMAND LAKE, ALWAR",27.4925186,76.5856658,Jaipur,RAJASTHAN,28.2,4.3,7.8,405,13.3,0.51,6,15.0,yes
2985,"WELL OF GIRDHARI RAM MEGHWAL, VILLAGE- NANDWAN, JODHPUR",26.1187737,72.9785352,Jaipur,RAJASTHAN,21.9,7.3,7.3,14200,0.22,4,11,1.05,yes
1773,"TANGRA, CALCUTTA ,WEST BENGAL",22.557717,22.557717,Kolkata,WEST BENGAL,31.5,7.6,7.6,1854,0.09,2,4,0.34,yes
2959,"WELL OF SH. BRIJA RAM, KHETRI NAGAR, JHUNJHUNU",28.072384,75.82289,Jaipur,RAJASTHAN,30.7,7.4,7.4,4350,0.99,7,28,1.19,yes
2175,"WAINGANGA U/S OF GAURAV PAPER MILLS, NEAR JACKWELL.",21.2440606,81.6504253,Mumbai,MAHARASHTRA,19.1,5.9,7.9,573,5.3,1.46,64,152.0,yes
2972,"RIICO TUBE WELL, RIA, SOTANALA",27.8867159,76.2833915,Jaipur,RAJASTHAN,30.0,8.1,8.1,2400,0.3,3,4,1.1,no
1300,IB AT  RAJ NAGAR U/S,20.573203,86.7145994,Bhubaneswar,ORISSA,27.5,7.5,7.9,157,1.4,0.25,711,1439.0,yes
1883,UNA INDUSTRIAL AREA,,,Shimla,HIMACHAL PRADESH,19.5,7.6,7.6,655,5.29,9,43,0.3,yes
1202,CAUVERY AT TIRUCHIRAPPALLI U/S,10.7904833,78.7046725,Chennai,TAMILNADU,27.6,7.6,8.2,576,0.8,0.20,144,287.0,no
28,BHIMA AT TAKLI,18.645411,74.226737,Mumbai,MAHARASHTRA,25.0,5.1,8.1,1412,6.3,0.71,216,1225.0,no
2563,"MANUSMAR RIVER AT RIGA, SITAMARHI",26.6499077,85.4298197,Patna,BIHAR,24.3,5.8,8.0,368,5.3,1.38,1067,3167.0,yes
2198,KUNDALIKA RIVER AT ARE KHURD ( SALINE ZONE ),19.186689,72.974311,Mumbai,MAHARASHTRA,28.9,6.2,7.4,299,5.1,0.95,209,401.0,yes
1332,DAMODAR AT D/S OF IISCO AFTER 3RD OUTFALL AT DHENNA VILLAGE,23.6922971,86.8295645,Kolkata,WEST BENGAL,28.5,8.4,7.8,231,1.8,0.25,545,5445.0,yes
2478,"DEVA ROAD, INDUSTRIAL AREA, CHAINHAT, LKO NEAR UPTRON POLICE CHOWKI, LUCKNOW",26.873347,80.894278,Lucknow,UTTAR PRADESH,,7.7,7.7,452,,1.8,1.8,,yes
2723,"WENA AT D/S  MOHATA MILLS, NR RD BRG ON HINGANGHAT-WADNER RD",18.939821,72.835468,Mumbai,MAHARASHTRA,20.8,5.1,8.0,639,6.8,1.65,62,182.0,yes
1340,"MANIMALA  AT KALLOOPARA,",9.395511,76.634051,Thiruvananthapuram,KERALA,26.6,7.3,7.1,54,1.3,0.41,415,913.0,yes
1255,"PENNAR BEFORE CONFL.WITH CHITRAVATHI,TADPATRI,UNGANOOR",14.907027,78.00927,Hyderabad,ANDHRA PRADESH,26.7,6.6,8.0,736,3.3,0.65,114,1002.0,yes
1299,BRAHMAPUTRA AT JOGIJHOGA ,26.1833004,91.7370002,Dispur,ASSAM,26.8,7.0,7.2,194,2.3,0.13,154,2225.0,yes
1558,"AT BADDI,  H.P",30.957826,76.791356,Shimla,HIMACHAL PRADESH,24.5,7.9,7.9,500,0.98,,10,0.15,yes
2592,WELL-2 AT NALANDA,25.617167,85.141345,Patna,BIHAR,22.0,7.4,7.4,730,,,11,0.6,yes
1638,"SHANGPUNG, MEGHALAYA",,,Shillong,MEGHALAYA,18.0,5.8,5.8,120,6.0,13,22,0.1,no
2633,HAND PUMP AT RECONGPEO,,,Shimla,HIMACHAL PRADESH,9.0,8.9,8.9,244,6.59,,,0.24,no
1786,"KRISHNA AT VEDADRI , GUNTUR ",16.799265,80.148441,Hyderabad,ANDHRA PRADESH,28.9,6.1,7.9,732,0.7,0.27,6,2558.0,yes
1325,CAUVERY AT TIRUCHIRAPPALLI D/S,10.7904833,78.7046725,Chennai,TAMILNADU,26.6,6.1,8.0,739,1.9,0.16,255,460.0,no
1552,"SIRSA , D/S NALAGARH BRIDGE",31.044559,76.70479,Shimla,HIMACHAL PRADESH,24.0,9.0,8.0,622,2.0,0.80,23,75.0,yes
1988,PALGHAR,19.693558,72.765518,Mumbai,MAHARASHTRA ,27.0,8.0,8.0,583,0.86,98,298,0.66,yes
2626,BATTA AT U/S PAONTA,30.445283,77.602056,Shimla,HIMACHAL PRADESH,21.4,8.3,7.7,324,1.2,0.31,9,17.0,yes
1199,HEMAVATI AT D/S OF HOLENARASIPURA TOWN AT RAMADEVALA WEIR,12.784906,76.243566,Bengaluru,KARNATAKA,24.3,7.1,7.6,325,1.3,0.15,815,1600.0,yes
2338,R KADAMBAYAR AT MANCKAKADAVU,10.02943,76.385622,Thiruvananthapuram,KERALA,26.4,2.0,6.8,79,2.4,0.20,456,1275.0,yes
1266,SEONATH AT SHIMGA A/C  KHAROON,21.6287309,81.7048419,Raipur,CHHATTISGARH,28.8,7.6,7.6,389,,1.20,,106.0,yes
2156,WARDHA AT CONFLUENCE POINT OF PENGANGA & WARDHA AT JUAD.,20.5162956,76.0380506,Mumbai,MAHARASHTRA,20.0,5.5,7.9,893,6.6,2.43,51,117.0,yes
1200,"SHIMSHA AT D/S OF HIGHWAY BRIDGE, YEDIYAR",12.9311652,77.5723302,Bengaluru,KARNATAKA,28.3,6.7,7.5,571,2.5,1.38,19,39.0,yes
1063,GANGA AT KANNAUJ U/S (RAJGHAT),27.051416,79.913673,Lucknow,UTTAR PRADESH,25.6,7.9,8.0,327,4.5,2.25,3042,10075.0,yes
1470,GANGA AT GARDEN REACH ,22.5334555,88.2996293,Kolkata,WEST BENGAL,26.6,6.8,7.8,316,4.1,0.29,164833,247167.0,yes
2290,R PUZHACKAL AT PUZHACKAL BRIDGE,10.546151,76.178708,Thiruvananthapuram,KERALA,28.4,4.5,6.5,77,1.1,0.34,400,2675.0,no
1567,R KUTTIYADY AT  KUTTIYADY ESTATE,11.600496,75.585002,Thiruvananthapuram,KERALA,24.3,7.1,7.0,27,0.4,0.11,73,218.0,yes
1833,BEGUSARAI,25.416675,86.129379,Patna,BIHAR,25.5,7.7,7.7,915,,,17,0.6,yes
1356,BETWA B/C YAMUNA AT HAMIRPUR,27.1522901,80.8294746,Lucknow,UTTAR PRADESH,24.2,7.1,8.1,428,3.7,0.06,13467,30833.0,no
15,"WELL AT KUYYURA, A.P.",18.2379928,80.3129541,Hyderabad,ANDHRA PRADESH,25.5,7.3,7.3,211,0.2,22,380,0.27,yes
1385,SASTHAMCOTTA LAKE,9.03559,76.63693,Thiruvananthapuram,KERALA,27.1,6.6,6.9,56,0.5,0.40,190,550.0,yes
1757,"MIRZAPUR INDUSTRIAL AREA, U.P",25.133699,82.564434,Lucknow,UTTAR PRADESH,26.6,6.6,6.6,1129,0.0,,,0.66,yes
1253,GIRNA AT MALEGAON (MANMAD),20.5547497,74.5100291,Mumbai,MAHARASHTRA,25.8,5.7,7.7,417,4.3,1.74,17,50.0,yes
2277,WELL AT VERNA INDI.ESTATE.(M/S CIPLA LIMITED),15.368606,73.944799,Panaji,GOA,30.0,6.2,6.2,315,0.2,,19,,no
1494,YAMUNA AT U/S OF LAKHWAR DAM,30.517983,77.948925,Dehradun,UTTARAKHAND,18.8,8.3,7.8,171,0.9,0.06,275,1255.0,yes
1251,TAPI AT BHUSAWAL US ,21.0455204,75.8010962,Mumbai,MAHARASHTRA,32.0,5.7,7.5,604,5.7,2.50,17,54.0,yes
2954,"PARVATI BEFORE MEETING RIVER CHAMBAL AT KHATOLI, KOTA",25.6816594,76.4758974,Jaipur,RAJASTHAN,26.5,5.8,8.4,471,1.5,0.52,6,49.0,no
